{"cameraMode":{"drawMode":0,"name":"Shaded","section":"Shading Mode"},"sceneLighting":false,"audioPlay":false,"sceneViewState":{"m_AlwaysRefresh":false,"showFog":false,"showSkybox":false,"showFlares":false,"showImageEffects":false,"showParticleSystems":false,"showVisualEffectGraphs":true,"m_FxEnabled":true},"in2DMode":false,"pivot":{"x":-0.00025095819728448987,"y":-0.011390256695449353,"z":0.003800470381975174},"rotation":{"x":0.025745579972863199,"y":-0.9308354258537293,"z":0.06654577702283859,"w":0.3589935898780823},"size":24.06830596923828,"orthographic":false}