{"cameraMode":{"drawMode":0,"name":"Shaded","section":"Shading Mode"},"sceneLighting":false,"audioPlay":false,"sceneViewState":{"m_AlwaysRefresh":false,"showFog":true,"showSkybox":false,"showFlares":true,"showImageEffects":true,"showParticleSystems":true,"showVisualEffectGraphs":true,"m_FxEnabled":true},"in2DMode":false,"pivot":{"x":-4.7883148193359379,"y":499.8089294433594,"z":-3.4671835899353029},"rotation":{"x":0.023657646030187608,"y":-0.8708786368370056,"z":0.042100757360458377,"w":0.48918476700782778},"size":3.3152098655700685,"orthographic":false}