{"cameraMode":{"drawMode":0,"name":"Shaded","section":"Shading Mode"},"sceneLighting":false,"audioPlay":false,"sceneViewState":{"m_AlwaysRefresh":false,"showFog":false,"showSkybox":false,"showFlares":false,"showImageEffects":false,"showParticleSystems":false,"showVisualEffectGraphs":true,"m_FxEnabled":true},"in2DMode":false,"pivot":{"x":0.013854503631591797,"y":0.7700890302658081,"z":0.007567346096038818},"rotation":{"x":-0.048368752002716067,"y":-0.6198118329048157,"z":0.038431644439697269,"w":-0.7824647426605225},"size":1.468469262123108,"orthographic":false}