{"cameraMode":{"drawMode":0,"name":"Shaded","section":"Shading Mode"},"sceneLighting":true,"audioPlay":false,"sceneViewState":{"m_AlwaysRefresh":false,"showFog":true,"showSkybox":true,"showFlares":true,"showImageEffects":true,"showParticleSystems":true,"showVisualEffectGraphs":true,"m_FxEnabled":true},"in2DMode":false,"pivot":{"x":-6.931599140167236,"y":3.565599203109741,"z":2.2875709533691408},"rotation":{"x":-0.003527170978486538,"y":-0.9926131367683411,"z":0.11908619105815888,"w":-0.03039022721350193},"size":1.9010030031204224,"orthographic":false}