{"cameraMode":{"drawMode":0,"name":"Shaded","section":"Shading Mode"},"sceneLighting":true,"audioPlay":false,"sceneViewState":{"m_AlwaysRefresh":false,"showFog":true,"showSkybox":true,"showFlares":true,"showImageEffects":true,"showParticleSystems":true,"showVisualEffectGraphs":true,"m_FxEnabled":true},"in2DMode":false,"pivot":{"x":4.192661762237549,"y":0.8178764581680298,"z":3.3946969509124758},"rotation":{"x":0.023757662624120714,"y":0.4886185824871063,"z":-0.013469378463923931,"w":0.8722116351127625},"size":1.0645358562469483,"orthographic":false}