{"cameraMode":{"drawMode":0,"name":"Shaded","section":"Shading Mode"},"sceneLighting":true,"audioPlay":false,"sceneViewState":{"m_AlwaysRefresh":false,"showFog":true,"showSkybox":true,"showFlares":true,"showImageEffects":true,"showParticleSystems":true,"showVisualEffectGraphs":true,"m_FxEnabled":true},"in2DMode":false,"pivot":{"x":-18.50803565979004,"y":0.24612613022327424,"z":-16.94582748413086},"rotation":{"x":0.014501062221825123,"y":-0.9616370797157288,"z":0.05137673392891884,"w":0.26986318826675417},"size":12.9699125289917,"orthographic":false}