{"cameraMode":{"drawMode":0,"name":"Shaded","section":"Shading Mode"},"sceneLighting":true,"audioPlay":false,"sceneViewState":{"m_AlwaysRefresh":false,"showFog":true,"showSkybox":true,"showFlares":true,"showImageEffects":true,"showParticleSystems":true,"showVisualEffectGraphs":true,"m_FxEnabled":true},"in2DMode":false,"pivot":{"x":-0.02182033099234104,"y":0.8808432221412659,"z":0.7264045476913452},"rotation":{"x":-0.0012126495130360127,"y":0.9967416524887085,"z":-0.012253318913280964,"w":-0.08126465231180191},"size":0.9427669644355774,"orthographic":false}