{"cameraMode":{"drawMode":0,"name":"Shaded","section":"Shading Mode"},"sceneLighting":true,"audioPlay":false,"sceneViewState":{"m_AlwaysRefresh":false,"showFog":true,"showSkybox":true,"showFlares":true,"showImageEffects":true,"showParticleSystems":true,"showVisualEffectGraphs":true,"m_FxEnabled":true},"in2DMode":false,"pivot":{"x":13.741449356079102,"y":-0.5562512278556824,"z":3.3943123817443849},"rotation":{"x":-0.048368752002716067,"y":-0.6198118329048157,"z":0.038431644439697269,"w":-0.7824647426605225},"size":8.902915954589844,"orthographic":false}