{"cameraMode":{"drawMode":0,"name":"Shaded","section":"Shading Mode"},"sceneLighting":true,"audioPlay":false,"sceneViewState":{"m_AlwaysRefresh":false,"showFog":true,"showSkybox":true,"showFlares":true,"showImageEffects":true,"showParticleSystems":true,"showVisualEffectGraphs":true,"m_FxEnabled":true},"in2DMode":false,"pivot":{"x":0.044481873512268069,"y":0.5729281902313232,"z":-0.10666751861572266},"rotation":{"x":-0.0014733050484210253,"y":0.9975666999816895,"z":-0.06774977594614029,"w":-0.022172043099999429},"size":5.732834815979004,"orthographic":false}