{"cameraMode":{"drawMode":0,"name":"Shaded","section":"Shading Mode"},"sceneLighting":false,"audioPlay":false,"sceneViewState":{"m_AlwaysRefresh":false,"showFog":true,"showSkybox":false,"showFlares":true,"showImageEffects":true,"showParticleSystems":true,"showVisualEffectGraphs":true,"m_FxEnabled":true},"in2DMode":false,"pivot":{"x":3.717841386795044,"y":499.7095642089844,"z":-1.1520801782608033},"rotation":{"x":0.03563810512423515,"y":0.9265598058700562,"z":-0.09092546999454498,"w":0.36341795325279238},"size":4.2714738845825199,"orthographic":false}