{"cameraMode":{"drawMode":0,"name":"Shaded","section":"Shading Mode"},"sceneLighting":true,"audioPlay":false,"sceneViewState":{"m_AlwaysRefresh":false,"showFog":true,"showSkybox":false,"showFlares":true,"showImageEffects":true,"showParticleSystems":true,"showVisualEffectGraphs":true,"m_FxEnabled":true},"in2DMode":false,"pivot":{"x":937.2650756835938,"y":537.1409301757813,"z":37.400001525878909},"rotation":{"x":0.07499240338802338,"y":0.08067947626113892,"z":-0.006095666904002428,"w":0.993915319442749},"size":1123.8167724609375,"orthographic":false}