{"cameraMode":{"drawMode":0,"name":"Shaded","section":"Shading Mode"},"sceneLighting":true,"audioPlay":false,"sceneViewState":{"m_AlwaysRefresh":false,"showFog":true,"showSkybox":false,"showFlares":true,"showImageEffects":true,"showParticleSystems":true,"showVisualEffectGraphs":true,"m_FxEnabled":true},"in2DMode":false,"pivot":{"x":4.874598503112793,"y":2.983180046081543,"z":16.61314582824707},"rotation":{"x":-0.015252997167408467,"y":0.9265651702880859,"z":-0.03784279525279999,"w":-0.37407010793685915},"size":3.3217742443084719,"orthographic":false}