{"cameraMode":{"drawMode":0,"name":"Shaded","section":"Shading Mode"},"sceneLighting":true,"audioPlay":false,"sceneViewState":{"m_AlwaysRefresh":false,"showFog":true,"showSkybox":false,"showFlares":true,"showImageEffects":true,"showParticleSystems":true,"showVisualEffectGraphs":true,"m_FxEnabled":true},"in2DMode":false,"pivot":{"x":-2.8827788829803469,"y":3.488572359085083,"z":19.655975341796876},"rotation":{"x":0.021360622718930246,"y":0.8514438271522522,"z":-0.03476285561919212,"w":0.5229546427726746},"size":1.4376907348632813,"orthographic":false}