{"cameraMode":{"drawMode":0,"name":"Shaded","section":"Shading Mode"},"sceneLighting":false,"audioPlay":false,"sceneViewState":{"m_AlwaysRefresh":false,"showFog":false,"showSkybox":false,"showFlares":false,"showImageEffects":false,"showParticleSystems":false,"showVisualEffectGraphs":true,"m_FxEnabled":true},"in2DMode":false,"pivot":{"x":0.05500149726867676,"y":0.15481509268283845,"z":-0.23245006799697877},"rotation":{"x":-0.019256070256233217,"y":-0.6633113622665405,"z":0.01718665286898613,"w":-0.7480558753013611},"size":1.0792253017425538,"orthographic":false}