{"cameraMode":{"drawMode":0,"name":"Shaded","section":"Shading Mode"},"sceneLighting":false,"audioPlay":false,"sceneViewState":{"m_AlwaysRefresh":false,"showFog":false,"showSkybox":false,"showFlares":false,"showImageEffects":false,"showParticleSystems":false,"showVisualEffectGraphs":true,"m_FxEnabled":true},"in2DMode":false,"pivot":{"x":0.1083400547504425,"y":1.2091492414474488,"z":0.8545585870742798},"rotation":{"x":0.08823331445455551,"y":0.7987971901893616,"z":-0.12100022286176682,"w":0.5827658772468567},"size":1.8606985807418824,"orthographic":false}