{"cameraMode":{"drawMode":0,"name":"Shaded","section":"Shading Mode"},"sceneLighting":false,"audioPlay":false,"sceneViewState":{"m_AlwaysRefresh":false,"showFog":false,"showSkybox":false,"showFlares":false,"showImageEffects":false,"showParticleSystems":false,"showVisualEffectGraphs":true,"m_FxEnabled":true},"in2DMode":false,"pivot":{"x":-3.5762786865234377e-7,"y":0.840588390827179,"z":-0.10357703268527985},"rotation":{"x":0.012086267583072186,"y":-0.9452982544898987,"z":0.32473307847976687,"w":0.034870367497205737},"size":0.5464674234390259,"orthographic":false}